,Pearson Correlation,Kendall Correlation,Spearman Correlation
live_app_flux,0.002597097627372925,0.0019439020362708147,0.0021878533985083713
video_app_flux,0.02115440951101769,0.022058919246293798,0.026475397126367553
city_5g_ratio,0.1143975222041354,0.09249648218734664,0.11265541947279374
city_level,-0.07883881244139801,-0.07003516296240105,-0.07780387737435471
