,Pearson Correlation,Kendall Correlation,Spearman Correlation
call_days,0.03405433040037207,0.028710676090057993,0.03505449284108982
re_call10,0.01823054870194872,0.029693399428326762,0.036018335334394136
short_call10,0.01584440908240943,0.029591424902364064,0.0361172577258608
long_call10,0.015411007967610748,0.02417112705360652,0.02901772850088975
bank_cnt,0.05784127038361172,0.05256477195739384,0.06314911757202035
active_days01,0.04488074340983405,0.039289409887357726,0.04664388843595908
