,Pearson Correlation,Kendall Correlation,Spearman Correlation
innet_months,0.030683669,0.03196188,0.038928563
total_times,0.041350096,0.038229109,0.046815804
total_flux,0.031420408,0.022443838,0.027485002
total_fee,0.096855536,0.088120424,0.107886232
pay_fee,0.036691339,0.065741673,0.080077832
age,-0.005307514,-0.001756861,-0.00212285
